Sample	Chain	Replicate	Plate_2:7	GA_7:9	Row_9:14	Common_14:36	Constant_-30:-7	Column_-7:-2	Description
Jurkat	TRA	1	GCAGA	GA	TAAGC	CCAGGGTTTTCCCAGTCACGAC	GTCACTGGATTTAGAGTCTCTCA	GTTCA	Jurkat
CMV_NLV9	TRA	1	GCAGA	GA	TAAGC	CCAGGGTTTTCCCAGTCACGAC	GTCACTGGATTTAGAGTCTCTCA	CAGGA	CMV NLV+  Plate1A
KKMART1	TRA	1	GCAGA	GA	TAAGC	CCAGGGTTTTCCCAGTCACGAC	GTCACTGGATTTAGAGTCTCTCA	TTATA	KKMART1  Plate1A
1269_IL15_Low	TRA	1	GCAGA	GA	TAAGC	CCAGGGTTTTCCCAGTCACGAC	GTCACTGGATTTAGAGTCTCTCA	CCTGT	1269 iL15 RNA PD-1 Low  Plate1A
1269_IL15_High_Control	TRA	1	GCAGA	GA	TAAGC	CCAGGGTTTTCCCAGTCACGAC	GTCACTGGATTTAGAGTCTCTCA	ACCGC	1269 iL15 RNA PD-1 High Control
1269_IL15_High_Block	TRA	1	GCAGA	GA	TAAGC	CCAGGGTTTTCCCAGTCACGAC	GTCACTGGATTTAGAGTCTCTCA	ACTTA	1269 iL15 RNA PD-1 Block
Jurkat	TRA	2	GCAGA	GA	TGCAC	CCAGGGTTTTCCCAGTCACGAC	GTCACTGGATTTAGAGTCTCTCA	GTTCA	Jurkat
CMV_NLV9	TRA	2	GCAGA	GA	TGCAC	CCAGGGTTTTCCCAGTCACGAC	GTCACTGGATTTAGAGTCTCTCA	CAGGA	CMV NLV+  Plate1B
KKMART1	TRA	2	GCAGA	GA	TGCAC	CCAGGGTTTTCCCAGTCACGAC	GTCACTGGATTTAGAGTCTCTCA	TTATA	KKMART1  Plate1B
1269_IL15_Low	TRA	2	GCAGA	GA	TGCAC	CCAGGGTTTTCCCAGTCACGAC	GTCACTGGATTTAGAGTCTCTCA	CCTGT	1269 iL15 RNA PD-1 Low  Plate1B
1269_IL15_High_Control	TRA	2	GCAGA	GA	TGCAC	CCAGGGTTTTCCCAGTCACGAC	GTCACTGGATTTAGAGTCTCTCA	ACCGC	1269 iL15 RNA PD-1 High Control
1269_IL15_High_Block	TRA	2	GCAGA	GA	TGCAC	CCAGGGTTTTCCCAGTCACGAC	GTCACTGGATTTAGAGTCTCTCA	ACTTA	1269 iL15 RNA PD-1 Block
Jurkat	TRB	1	GCAGA	GA	TAAGC	CCAGGGTTTTCCCAGTCACGAC	GAGATCTCTGCTTCTGATGGCTC	GTTCA	Jurkat
CMV_NLV9	TRB	1	GCAGA	GA	TAAGC	CCAGGGTTTTCCCAGTCACGAC	GAGATCTCTGCTTCTGATGGCTC	CAGGA	CMV NLV+  Plate1A
KKMART1	TRB	1	GCAGA	GA	TAAGC	CCAGGGTTTTCCCAGTCACGAC	GAGATCTCTGCTTCTGATGGCTC	TTATA	KKMART1  Plate1A
1269_IL15_Low	TRB	1	GCAGA	GA	TAAGC	CCAGGGTTTTCCCAGTCACGAC	GAGATCTCTGCTTCTGATGGCTC	CCTGT	1269 iL15 RNA PD-1 Low  Plate1A
1269_IL15_High_Control	TRB	1	GCAGA	GA	TAAGC	CCAGGGTTTTCCCAGTCACGAC	GAGATCTCTGCTTCTGATGGCTC	ACCGC	1269 iL15 RNA PD-1 High Control
1269_IL15_High_Block	TRB	1	GCAGA	GA	TAAGC	CCAGGGTTTTCCCAGTCACGAC	GAGATCTCTGCTTCTGATGGCTC	ACTTA	1269 iL15 RNA PD-1 Block
Jurkat	TRB	2	GCAGA	GA	TGCAC	CCAGGGTTTTCCCAGTCACGAC	GAGATCTCTGCTTCTGATGGCTC	GTTCA	Jurkat
CMV_NLV9	TRB	2	GCAGA	GA	TGCAC	CCAGGGTTTTCCCAGTCACGAC	GAGATCTCTGCTTCTGATGGCTC	CAGGA	CMV NLV+  Plate1B
KKMART1	TRB	2	GCAGA	GA	TGCAC	CCAGGGTTTTCCCAGTCACGAC	GAGATCTCTGCTTCTGATGGCTC	TTATA	KKMART1  Plate1B
1269_IL15_Low	TRB	2	GCAGA	GA	TGCAC	CCAGGGTTTTCCCAGTCACGAC	GAGATCTCTGCTTCTGATGGCTC	CCTGT	1269 iL15 RNA PD-1 Low  Plate1B
1269_IL15_High_Control	TRB	2	GCAGA	GA	TGCAC	CCAGGGTTTTCCCAGTCACGAC	GAGATCTCTGCTTCTGATGGCTC	ACCGC	1269 iL15 RNA PD-1 High Control
1269_IL15_High_Block	TRB	2	GCAGA	GA	TGCAC	CCAGGGTTTTCCCAGTCACGAC	GAGATCTCTGCTTCTGATGGCTC	ACTTA	1269 iL15 RNA PD-1 Block
empty	TRB	2	GCAGA	GA	AGGAG	CCAGGGTTTTCCCAGTCACGAC	GAGATCTCTGCTTCTGATGGCTC	GCTAG	NOT PRESENT